旅館名稱,旅館中文名稱,商家,內容,價錢,旅館地址
Hotel Yein Hwaseong,,Hotels.com,標準客房 (免費無線上網),1346,"103-5 Bansong-Dong, 華城, 京畿道, 南韓"
Hotel Yein Hwaseong,,Expedia.com.tw,標準客房 (免費無線上網),1346,"103-5 Bansong-Dong, 華城, 京畿道, 南韓"
Hotel Yein Hwaseong,,Hotels.com,豪華客房 (免費無線上網),1615,"103-5 Bansong-Dong, 華城, 京畿道, 南韓"
Hotel Yein Hwaseong,,Hotels.com,豪華雙床房 (免費無線上網),1615,"103-5 Bansong-Dong, 華城, 京畿道, 南韓"
Hotel Yein Hwaseong,,Expedia.com.tw,豪華客房 (免費無線上網),1615,"103-5 Bansong-Dong, 華城, 京畿道, 南韓"
Hotel Yein Hwaseong,,Expedia.com.tw,豪華雙床房 (免費無線上網),1615,"103-5 Bansong-Dong, 華城, 京畿道, 南韓"
Hotel Yein Hwaseong,,Hotels.com,尊榮客房 (免費無線上網),1885,"103-5 Bansong-Dong, 華城, 京畿道, 南韓"
Hotel Yein Hwaseong,,Expedia.com.tw,尊榮客房 (免費無線上網),1885,"103-5 Bansong-Dong, 華城, 京畿道, 南韓"
Story Hotel Hwaseong,留宿飯店,Hotels.com,"標準客房 (免費停車, 免費無線上網)",1481,"195, Nojak-ro 6th Floor, 華城, 京畿道, 南韓"
Story Hotel Hwaseong,留宿飯店,Expedia.com.tw,"標準客房 (免費停車, 免費無線上網)",1481,"195, Nojak-ro 6th Floor, 華城, 京畿道, 南韓"
Story Hotel Hwaseong,留宿飯店,Hotels.com,"套房 (免費停車, 免費無線上網)",1777,"195, Nojak-ro 6th Floor, 華城, 京畿道, 南韓"
Story Hotel Hwaseong,留宿飯店,Hotels.com,"雙床房 (免費停車, 免費無線上網)",1777,"195, Nojak-ro 6th Floor, 華城, 京畿道, 南韓"
Story Hotel Hwaseong,留宿飯店,Expedia.com.tw,"套房 (免費停車, 免費無線上網)",1777,"195, Nojak-ro 6th Floor, 華城, 京畿道, 南韓"
Story Hotel Hwaseong,留宿飯店,Expedia.com.tw,"雙床房 (免費停車, 免費無線上網)",1777,"195, Nojak-ro 6th Floor, 華城, 京畿道, 南韓"
Story Hotel Hwaseong,留宿飯店,Hotels.com,"VIP (免費停車, 免費無線上網)",2073,"195, Nojak-ro 6th Floor, 華城, 京畿道, 南韓"
Story Hotel Hwaseong,留宿飯店,Expedia.com.tw,"VIP (免費停車, 免費無線上網)",2073,"195, Nojak-ro 6th Floor, 華城, 京畿道, 南韓"
Secret Hotel Hwaseong,,Hotels.com,"標準客房 (免費停車, 免費無線上網)",1481,"11 Dongtanjungsimsangga 2-Gil, 華城, 京畿道, 南韓"
Secret Hotel Hwaseong,,Hotels.com,"豪華客房 (免費停車, 免費無線上網)",1615,"11 Dongtanjungsimsangga 2-Gil, 華城, 京畿道, 南韓"
Secret Hotel Hwaseong,,Expedia.com.tw,"標準客房 (免費停車, 免費無線上網)",1481,"11 Dongtanjungsimsangga 2-Gil, 華城, 京畿道, 南韓"
Secret Hotel Hwaseong,,Expedia.com.tw,"豪華客房 (免費停車, 免費無線上網)",1615,"11 Dongtanjungsimsangga 2-Gil, 華城, 京畿道, 南韓"
Secret Hotel Hwaseong,,Hotels.com,"尊榮雙床房 (免費停車, 免費無線上網)",1777,"11 Dongtanjungsimsangga 2-Gil, 華城, 京畿道, 南韓"
Secret Hotel Hwaseong,,Hotels.com,"尊榮客房 (免費停車, 免費無線上網)",1777,"11 Dongtanjungsimsangga 2-Gil, 華城, 京畿道, 南韓"
Secret Hotel Hwaseong,,Expedia.com.tw,"尊榮雙床房 (免費停車, 免費無線上網)",1777,"11 Dongtanjungsimsangga 2-Gil, 華城, 京畿道, 南韓"
Secret Hotel Hwaseong,,Expedia.com.tw,"尊榮客房 (免費停車, 免費無線上網)",1777,"11 Dongtanjungsimsangga 2-Gil, 華城, 京畿道, 南韓"
Secret Hotel Hwaseong,,Hotels.com,"套房 (免費停車, 免費無線上網)",2073,"11 Dongtanjungsimsangga 2-Gil, 華城, 京畿道, 南韓"
Secret Hotel Hwaseong,,Expedia.com.tw,"套房 (免費停車, 免費無線上網)",2073,"11 Dongtanjungsimsangga 2-Gil, 華城, 京畿道, 南韓"
Cplus Residence,Cplus公寓飯店,Agoda.com,標準雙人房,2130,"33-1, Seoku-dong, 華城, 京畿道, 南韓"
Cplus Residence,Cplus公寓飯店,Booking.com,雙人房 - 不退款 - 免費WiFi,2194,"33-1, Seoku-dong, 華城, 京畿道, 南韓"
Cplus Residence,Cplus公寓飯店,Hotels.com,"雙人房 (免費停車, 免費無線上網)",2127,"33-1, Seoku-dong, 華城, 京畿道, 南韓"
Cplus Residence,Cplus公寓飯店,Expedia.com.tw,"雙人房 (免費停車, 免費無線上網)",2127,"33-1, Seoku-dong, 華城, 京畿道, 南韓"
Cplus Residence,Cplus公寓飯店,Priceline.com,雙人房 - 不退款 - 免費WiFi,2194,"33-1, Seoku-dong, 華城, 京畿道, 南韓"
Bella Hotel Hwaseong,貝拉酒店 - 華城,Agoda.com,標準房,1724,"147, Nojak-ro, 華城, 京畿道, 南韓"
Bella Hotel Hwaseong,貝拉酒店 - 華城,Booking.com,標準雙人房 - 免費WiFi,1999,"147, Nojak-ro, 華城, 京畿道, 南韓"
Bella Hotel Hwaseong,貝拉酒店 - 華城,Hotels.com,"標準雙人房 (免費停車, 免費無線上網)",1939,"147, Nojak-ro, 華城, 京畿道, 南韓"
Bella Hotel Hwaseong,貝拉酒店 - 華城,Expedia.com.tw,"標準雙人房 (免費停車, 免費無線上網)",1939,"147, Nojak-ro, 華城, 京畿道, 南韓"
Bella Hotel Hwaseong,貝拉酒店 - 華城,Priceline.com,標準雙人房 - 免費WiFi,1999,"147, Nojak-ro, 華城, 京畿道, 南韓"
Bella Hotel Hwaseong,貝拉酒店 - 華城,Agoda.com,豪華雙人房,2108,"147, Nojak-ro, 華城, 京畿道, 南韓"
Bella Hotel Hwaseong,貝拉酒店 - 華城,Agoda.com,市景豪華雙人房,2446,"147, Nojak-ro, 華城, 京畿道, 南韓"
Bella Hotel Hwaseong,貝拉酒店 - 華城,Booking.com,豪華雙人房 - 免費WiFi,2444,"147, Nojak-ro, 華城, 京畿道, 南韓"
Bella Hotel Hwaseong,貝拉酒店 - 華城,Hotels.com,"豪華雙人房 (免費停車, 免費無線上網)",2370,"147, Nojak-ro, 華城, 京畿道, 南韓"
Bella Hotel Hwaseong,貝拉酒店 - 華城,Expedia.com.tw,"豪華雙人房 (免費停車, 免費無線上網)",2370,"147, Nojak-ro, 華城, 京畿道, 南韓"
Bella Hotel Hwaseong,貝拉酒店 - 華城,Priceline.com,豪華雙人房 - 免費WiFi,2444,"147, Nojak-ro, 華城, 京畿道, 南韓"
Bella Hotel Hwaseong,貝拉酒店 - 華城,Hotels.com,高級雙床房 (免費無線上網),2693,"147, Nojak-ro, 華城, 京畿道, 南韓"
Bella Hotel Hwaseong,貝拉酒店 - 華城,Expedia.com.tw,高級雙床房 (免費無線上網),2693,"147, Nojak-ro, 華城, 京畿道, 南韓"
Bella Hotel Hwaseong,貝拉酒店 - 華城,Agoda.com,客房(兩床),3090,"147, Nojak-ro, 華城, 京畿道, 南韓"
Cozy Hotel Dongtan,舒適飯店,Agoda.com,標準雙人房,1443,"27, Dongtanjungsimsangga 1-gil, 華城, 京畿道, 南韓"
Cozy Hotel Dongtan,舒適飯店,Booking.com,豪華雙人房 - 不退款 - 免費WiFi,1805,"27, Dongtanjungsimsangga 1-gil, 華城, 京畿道, 南韓"
Cozy Hotel Dongtan,舒適飯店,Hotels.com,"標準客房 (免費早餐, 免費停車, 免費無線上網)",1527,"27, Dongtanjungsimsangga 1-gil, 華城, 京畿道, 南韓"
Cozy Hotel Dongtan,舒適飯店,Expedia.com.tw,"標準客房 (免費早餐, 免費停車, 免費無線上網)",1527,"27, Dongtanjungsimsangga 1-gil, 華城, 京畿道, 南韓"
Cozy Hotel Dongtan,舒適飯店,Agoda.com,豪華雙人房,1683,"27, Dongtanjungsimsangga 1-gil, 華城, 京畿道, 南韓"
Cozy Hotel Dongtan,舒適飯店,Hotels.com,"豪華標準客房 (免費早餐, 免費停車, 免費無線上網)",1804,"27, Dongtanjungsimsangga 1-gil, 華城, 京畿道, 南韓"
Cozy Hotel Dongtan,舒適飯店,Expedia.com.tw,"豪華標準客房 (免費早餐, 免費停車, 免費無線上網)",1804,"27, Dongtanjungsimsangga 1-gil, 華城, 京畿道, 南韓"
Cozy Hotel Dongtan,舒適飯店,Priceline.com,豪華雙人房 - 不退款 - 免費WiFi,1805,"27, Dongtanjungsimsangga 1-gil, 華城, 京畿道, 南韓"
Cozy Hotel Dongtan,舒適飯店,Agoda.com,頂級雙人房,1924,"27, Dongtanjungsimsangga 1-gil, 華城, 京畿道, 南韓"
Cozy Hotel Dongtan,舒適飯店,Agoda.com,One-Bedroom Suite,2085,"27, Dongtanjungsimsangga 1-gil, 華城, 京畿道, 南韓"
Cozy Hotel Dongtan,舒適飯店,Booking.com,一臥室套房 - 不退款 - 免費WiFi,2083,"27, Dongtanjungsimsangga 1-gil, 華城, 京畿道, 南韓"
Cozy Hotel Dongtan,舒適飯店,Hotels.com,"尊榮標準客房 (免費早餐, 免費停車, 免費無線上網)",2082,"27, Dongtanjungsimsangga 1-gil, 華城, 京畿道, 南韓"
Cozy Hotel Dongtan,舒適飯店,Expedia.com.tw,"尊榮標準客房 (免費早餐, 免費停車, 免費無線上網)",2082,"27, Dongtanjungsimsangga 1-gil, 華城, 京畿道, 南韓"
Cozy Hotel Dongtan,舒適飯店,Priceline.com,一臥室套房 - 不退款 - 免費WiFi,2083,"27, Dongtanjungsimsangga 1-gil, 華城, 京畿道, 南韓"
Days Hotel Dongtan,東灘戴斯飯店,Agoda.com,標準房(兩床),2150,"197, Nojak-ro, 華城, 京畿道, 南韓"
Days Hotel Dongtan,東灘戴斯飯店,Booking.com,標準雙人房 - 不退款 - 免費WiFi,2749,"197, Nojak-ro, 華城, 京畿道, 南韓"
Days Hotel Dongtan,東灘戴斯飯店,Priceline.com,標準雙人房 - 不退款 - 免費WiFi,2749,"197, Nojak-ro, 華城, 京畿道, 南韓"
Days Hotel Dongtan,東灘戴斯飯店,Agoda.com,標準雙人房,2986,"197, Nojak-ro, 華城, 京畿道, 南韓"
Days Hotel Dongtan,東灘戴斯飯店,Hotels.com,標準雙人房 (免費無線上網),3160,"197, Nojak-ro, 華城, 京畿道, 南韓"
Days Hotel Dongtan,東灘戴斯飯店,Hotels.com,"標準雙人房, 2 張單人床 - Room Only Non-Refundable (免費無線上網)",3160,"197, Nojak-ro, 華城, 京畿道, 南韓"
Days Hotel Dongtan,東灘戴斯飯店,Expedia.com.tw,標準雙人房 (免費無線上網),3160,"197, Nojak-ro, 華城, 京畿道, 南韓"
Days Hotel Dongtan,東灘戴斯飯店,Expedia.com.tw,"標準雙人房, 2 張單人床 - Room Only Non-Refundable (免費無線上網)",3160,"197, Nojak-ro, 華城, 京畿道, 南韓"
Days Hotel Dongtan,東灘戴斯飯店,直接跟飯店訂房,標準雙人床客房 - 包含Wi-Fi,3479,"197, Nojak-ro, 華城, 京畿道, 南韓"
Days Hotel Dongtan,東灘戴斯飯店,直接跟飯店訂房,標準兩小床客房 - 包含Wi-Fi,3479,"197, Nojak-ro, 華城, 京畿道, 南韓"
Days Hotel Dongtan,東灘戴斯飯店,Hotels.com,"標準雙人房, 2 張單人床 (免費無線上網)",3511,"197, Nojak-ro, 華城, 京畿道, 南韓"
Days Hotel Dongtan,東灘戴斯飯店,Hotels.com,標準雙人房 (免費無線上網),3511,"197, Nojak-ro, 華城, 京畿道, 南韓"
Days Hotel Dongtan,東灘戴斯飯店,Expedia.com.tw,"標準雙人房, 2 張單人床 (免費無線上網)",3511,"197, Nojak-ro, 華城, 京畿道, 南韓"
Days Hotel Dongtan,東灘戴斯飯店,Expedia.com.tw,標準雙人房 (免費無線上網),3511,"197, Nojak-ro, 華城, 京畿道, 南韓"
Days Hotel Dongtan,東灘戴斯飯店,Hotels.com,"標準雙人房, 2 張單人床 - Breakfast Included Non-Refundable (免費早餐, 免費無線上網)",3748,"197, Nojak-ro, 華城, 京畿道, 南韓"
Days Hotel Dongtan,東灘戴斯飯店,Hotels.com,"標準雙人房 - Breakfast Included Non-Refundable (免費早餐, 免費無線上網)",3748,"197, Nojak-ro, 華城, 京畿道, 南韓"
Days Hotel Dongtan,東灘戴斯飯店,Expedia.com.tw,"標準雙人房, 2 張單人床 - Breakfast Included Non-Refundable (免費早餐, 免費無線上網)",3748,"197, Nojak-ro, 華城, 京畿道, 南韓"
Days Hotel Dongtan,東灘戴斯飯店,Expedia.com.tw,"標準雙人房 - Breakfast Included Non-Refundable (免費早餐, 免費無線上網)",3748,"197, Nojak-ro, 華城, 京畿道, 南韓"
Days Hotel Dongtan,東灘戴斯飯店,Hotels.com,"標準雙人房 (免費早餐, 免費無線上網)",4165,"197, Nojak-ro, 華城, 京畿道, 南韓"
Days Hotel Dongtan,東灘戴斯飯店,Hotels.com,"標準雙人房, 2 張單人床 (免費早餐, 免費無線上網)",4165,"197, Nojak-ro, 華城, 京畿道, 南韓"
Days Hotel Dongtan,東灘戴斯飯店,Expedia.com.tw,"標準雙人房 (免費早餐, 免費無線上網)",4165,"197, Nojak-ro, 華城, 京畿道, 南韓"
Days Hotel Dongtan,東灘戴斯飯店,Expedia.com.tw,"標準雙人房, 2 張單人床 (免費早餐, 免費無線上網)",4165,"197, Nojak-ro, 華城, 京畿道, 南韓"
Days Hotel Dongtan,東灘戴斯飯店,Hotel.info,标准双人间,4947,"197, Nojak-ro, 華城, 京畿道, 南韓"
Shilla Stay Dongtan,東灘新羅舒泰酒店,直接跟飯店訂房,標準雙人床客房 (城市景觀) - 包含Wi-Fi,2866,"161, Nojak-ro, 華城, 京畿道, 南韓"
Shilla Stay Dongtan,東灘新羅舒泰酒店,Booking.com,城市景標準雙床間 - 不退款 - 免費WiFi,2859,"161, Nojak-ro, 華城, 京畿道, 南韓"
Shilla Stay Dongtan,東灘新羅舒泰酒店,Booking.com,標準市景雙人間 - 不退款 - 免費WiFi,2859,"161, Nojak-ro, 華城, 京畿道, 南韓"
Shilla Stay Dongtan,東灘新羅舒泰酒店,Hotels.com,"豪華雙人房, 城市景觀 (免費停車, 免費無線上網)",2772,"161, Nojak-ro, 華城, 京畿道, 南韓"
Shilla Stay Dongtan,東灘新羅舒泰酒店,Hotels.com,"標準雙人房, 城市景觀 (免費停車, 免費無線上網)",2772,"161, Nojak-ro, 華城, 京畿道, 南韓"
Shilla Stay Dongtan,東灘新羅舒泰酒店,Expedia.com.tw,"豪華雙人房, 城市景觀 (免費停車, 免費無線上網)",2772,"161, Nojak-ro, 華城, 京畿道, 南韓"
Shilla Stay Dongtan,東灘新羅舒泰酒店,Expedia.com.tw,"標準雙人房, 城市景觀 (免費停車, 免費無線上網)",2772,"161, Nojak-ro, 華城, 京畿道, 南韓"
Shilla Stay Dongtan,東灘新羅舒泰酒店,Priceline.com,城市景標準雙床間 - 不退款 - 免費WiFi,2859,"161, Nojak-ro, 華城, 京畿道, 南韓"
Shilla Stay Dongtan,東灘新羅舒泰酒店,Priceline.com,標準市景雙人間 - 不退款 - 免費WiFi,2859,"161, Nojak-ro, 華城, 京畿道, 南韓"
Shilla Stay Dongtan,東灘新羅舒泰酒店,直接跟飯店訂房,豪華雙人床客房 (城市景觀) - 包含Wi-Fi,3111,"161, Nojak-ro, 華城, 京畿道, 南韓"
Shilla Stay Dongtan,東灘新羅舒泰酒店,直接跟飯店訂房,豪華兩小床客房 (城市景觀) - 包含Wi-Fi,3111,"161, Nojak-ro, 華城, 京畿道, 南韓"
Shilla Stay Dongtan,東灘新羅舒泰酒店,Trip.com,豪華大床城景房 (免費WiFi),3110,"161, Nojak-ro, 華城, 京畿道, 南韓"
Shilla Stay Dongtan,東灘新羅舒泰酒店,Trip.com,豪華雙床城景房 (免費WiFi),3110,"161, Nojak-ro, 華城, 京畿道, 南韓"
Shilla Stay Dongtan,東灘新羅舒泰酒店,Booking.com,市景豪華雙床間 - 不退款 - 免費WiFi,3104,"161, Nojak-ro, 華城, 京畿道, 南韓"
Shilla Stay Dongtan,東灘新羅舒泰酒店,Booking.com,市景豪華雙人間 - 不退款 - 免費WiFi,3104,"161, Nojak-ro, 華城, 京畿道, 南韓"
Shilla Stay Dongtan,東灘新羅舒泰酒店,Priceline.com,市景豪華雙床間 - 不退款 - 免費WiFi,3104,"161, Nojak-ro, 華城, 京畿道, 南韓"
Shilla Stay Dongtan,東灘新羅舒泰酒店,Priceline.com,市景豪華雙人間 - 不退款 - 免費WiFi,3104,"161, Nojak-ro, 華城, 京畿道, 南韓"
Shilla Stay Dongtan,東灘新羅舒泰酒店,直接跟飯店訂房,豪華雙人床客房 (公園景觀) - 包含Wi-Fi,3355,"161, Nojak-ro, 華城, 京畿道, 南韓"
Shilla Stay Dongtan,東灘新羅舒泰酒店,Booking.com,公園景豪華雙人房 - 不退款 - 免費WiFi,3348,"161, Nojak-ro, 華城, 京畿道, 南韓"
Shilla Stay Dongtan,東灘新羅舒泰酒店,Hotels.com,"豪華雙人房, 公園景觀 (免費停車, 免費無線上網)",3246,"161, Nojak-ro, 華城, 京畿道, 南韓"
Shilla Stay Dongtan,東灘新羅舒泰酒店,Expedia.com.tw,"豪華雙人房, 公園景觀 (免費停車, 免費無線上網)",3246,"161, Nojak-ro, 華城, 京畿道, 南韓"
Shilla Stay Dongtan,東灘新羅舒泰酒店,Priceline.com,公園景豪華雙人房 - 不退款 - 免費WiFi,3348,"161, Nojak-ro, 華城, 京畿道, 南韓"
Shilla Stay Dongtan,東灘新羅舒泰酒店,直接跟飯店訂房,標準雙人床客房 (城市景觀) - 包含一人份早餐 - 包含Wi-Fi,3478,"161, Nojak-ro, 華城, 京畿道, 南韓"
Shilla Stay Dongtan,東灘新羅舒泰酒店,Trip.com,標準大床城景房 (免費WiFi),3581,"161, Nojak-ro, 華城, 京畿道, 南韓"
Shilla Stay Dongtan,東灘新羅舒泰酒店,Hotel.info,标准双人间,3537,"161, Nojak-ro, 華城, 京畿道, 南韓"
Shilla Stay Dongtan,東灘新羅舒泰酒店,hrs.com,最優惠可訂房價格,3581,"161, Nojak-ro, 華城, 京畿道, 南韓"
Shilla Stay Dongtan,東灘新羅舒泰酒店,直接跟飯店訂房,豪華雙人床客房 (城市景觀) - 包含一人份早餐 - 包含Wi-Fi,3723,"161, Nojak-ro, 華城, 京畿道, 南韓"
Shilla Stay Dongtan,東灘新羅舒泰酒店,Hotels.com,"豪華雙人房, 城市景觀 (免費早餐, 免費停車, 免費無線上網)",3957,"161, Nojak-ro, 華城, 京畿道, 南韓"
Shilla Stay Dongtan,東灘新羅舒泰酒店,Hotels.com,"標準雙人房, 城市景觀 (免費早餐, 免費停車, 免費無線上網)",3957,"161, Nojak-ro, 華城, 京畿道, 南韓"
Shilla Stay Dongtan,東灘新羅舒泰酒店,Expedia.com.tw,"豪華雙人房, 城市景觀 (免費早餐, 免費停車, 免費無線上網)",3957,"161, Nojak-ro, 華城, 京畿道, 南韓"
Shilla Stay Dongtan,東灘新羅舒泰酒店,Expedia.com.tw,"標準雙人房, 城市景觀 (免費早餐, 免費停車, 免費無線上網)",3957,"161, Nojak-ro, 華城, 京畿道, 南韓"
Shilla Stay Dongtan,東灘新羅舒泰酒店,Booking.com,標準市景雙人間 - 不退款 - 免費WiFi,4081,"161, Nojak-ro, 華城, 京畿道, 南韓"
Shilla Stay Dongtan,東灘新羅舒泰酒店,Booking.com,城市景標準雙床間 - 不退款 - 免費WiFi,4081,"161, Nojak-ro, 華城, 京畿道, 南韓"
Shilla Stay Dongtan,東灘新羅舒泰酒店,Booking.com,市景豪華雙人間 - 不退款 - 免費WiFi,4326,"161, Nojak-ro, 華城, 京畿道, 南韓"
Shilla Stay Dongtan,東灘新羅舒泰酒店,Priceline.com,標準市景雙人間 - 不退款 - 免費WiFi,4081,"161, Nojak-ro, 華城, 京畿道, 南韓"
Shilla Stay Dongtan,東灘新羅舒泰酒店,Priceline.com,城市景標準雙床間 - 不退款 - 免費WiFi,4081,"161, Nojak-ro, 華城, 京畿道, 南韓"
Shilla Stay Dongtan,東灘新羅舒泰酒店,Priceline.com,市景豪華雙人間 - 不退款 - 免費WiFi,4326,"161, Nojak-ro, 華城, 京畿道, 南韓"
Shilla Stay Dongtan,東灘新羅舒泰酒店,Booking.com,公園景豪華雙人房 - 不退款 - 免費WiFi,4570,"161, Nojak-ro, 華城, 京畿道, 南韓"
Shilla Stay Dongtan,東灘新羅舒泰酒店,Priceline.com,公園景豪華雙人房 - 不退款 - 免費WiFi,4570,"161, Nojak-ro, 華城, 京畿道, 南韓"
Shilla Stay Dongtan,東灘新羅舒泰酒店,Trip.com,豪華大床城景房 (免費WiFi),5348,"161, Nojak-ro, 華城, 京畿道, 南韓"
Shilla Stay Dongtan,東灘新羅舒泰酒店,Trip.com,豪華雙床城景房 (免費WiFi),5348,"161, Nojak-ro, 華城, 京畿道, 南韓"
Shilla Stay Dongtan,東灘新羅舒泰酒店,Booking.com,限時優惠- 標準雙人間 - 不退款 - 免費WiFi,5377,"161, Nojak-ro, 華城, 京畿道, 南韓"
Shilla Stay Dongtan,東灘新羅舒泰酒店,Hotels.com,"標準雙人房 (Character Room) (免費停車, 免費無線上網)",5214,"161, Nojak-ro, 華城, 京畿道, 南韓"
Shilla Stay Dongtan,東灘新羅舒泰酒店,Expedia.com.tw,"標準雙人房 (Character Room) (免費停車, 免費無線上網)",5214,"161, Nojak-ro, 華城, 京畿道, 南韓"
Shilla Stay Dongtan,東灘新羅舒泰酒店,Priceline.com,限時優惠- 標準雙人間 - 不退款 - 免費WiFi,5377,"161, Nojak-ro, 華城, 京畿道, 南韓"
Shilla Stay Dongtan,東灘新羅舒泰酒店,Hotels.com,"豪華雙人房, 公園景觀 (免費早餐, 免費停車, 免費無線上網)",5539,"161, Nojak-ro, 華城, 京畿道, 南韓"
Shilla Stay Dongtan,東灘新羅舒泰酒店,Expedia.com.tw,"豪華雙人房, 公園景觀 (免費早餐, 免費停車, 免費無線上網)",5539,"161, Nojak-ro, 華城, 京畿道, 南韓"
Shilla Stay Dongtan,東灘新羅舒泰酒店,Agoda.com,市景標準雙人房,7044,"161, Nojak-ro, 華城, 京畿道, 南韓"
Shilla Stay Dongtan,東灘新羅舒泰酒店,Agoda.com,市景標準房(兩床),7044,"161, Nojak-ro, 華城, 京畿道, 南韓"
Shilla Stay Dongtan,東灘新羅舒泰酒店,Agoda.com,市景豪華房(兩床),7070,"161, Nojak-ro, 華城, 京畿道, 南韓"
Shilla Stay Dongtan,東灘新羅舒泰酒店,Agoda.com,市景豪華雙人房,7070,"161, Nojak-ro, 華城, 京畿道, 南韓"
Shilla Stay Dongtan,東灘新羅舒泰酒店,Agoda.com,Double Deluxe,7377,"161, Nojak-ro, 華城, 京畿道, 南韓"
Shilla Stay Dongtan,東灘新羅舒泰酒店,Trip.com,豪華大床園景房,7631,"161, Nojak-ro, 華城, 京畿道, 南韓"
Shilla Stay Dongtan,東灘新羅舒泰酒店,Hotelopia.com,DOUBLE CITY VIEW,7149,"161, Nojak-ro, 華城, 京畿道, 南韓"
Shilla Stay Dongtan,東灘新羅舒泰酒店,Hotelopia.com,TWIN CITY VIEW,7149,"161, Nojak-ro, 華城, 京畿道, 南韓"
Shilla Stay Dongtan,東灘新羅舒泰酒店,Hotelopia.com,DOUBLE DELUXE CITY VIEW,7174,"161, Nojak-ro, 華城, 京畿道, 南韓"
Shilla Stay Dongtan,東灘新羅舒泰酒店,Hotelopia.com,TWIN DELUXE CITY VIEW,7174,"161, Nojak-ro, 華城, 京畿道, 南韓"
Shilla Stay Dongtan,東灘新羅舒泰酒店,Hotelopia.com,DOUBLE DELUXE,7486,"161, Nojak-ro, 華城, 京畿道, 南韓"
Shilla Stay Dongtan,東灘新羅舒泰酒店,Trip.com,標準雙床城景房,7716,"161, Nojak-ro, 華城, 京畿道, 南韓"
Shilla Stay Dongtan,東灘新羅舒泰酒店,Trip.com,豪華大床園景房,9618,"161, Nojak-ro, 華城, 京畿道, 南韓"
Shilla Stay Dongtan,東灘新羅舒泰酒店,Hotelopia.com,DOUBLE CITY VIEW,9098,"161, Nojak-ro, 華城, 京畿道, 南韓"
Shilla Stay Dongtan,東灘新羅舒泰酒店,Hotelopia.com,TWIN CITY VIEW,9098,"161, Nojak-ro, 華城, 京畿道, 南韓"
Shilla Stay Dongtan,東灘新羅舒泰酒店,Hotelopia.com,DOUBLE DELUXE CITY VIEW,9124,"161, Nojak-ro, 華城, 京畿道, 南韓"
Shilla Stay Dongtan,東灘新羅舒泰酒店,Hotelopia.com,TWIN DELUXE CITY VIEW,9124,"161, Nojak-ro, 華城, 京畿道, 南韓"
Shilla Stay Dongtan,東灘新羅舒泰酒店,Hotelopia.com,DOUBLE DELUXE,9436,"161, Nojak-ro, 華城, 京畿道, 南韓"
Shilla Stay Dongtan,東灘新羅舒泰酒店,Trip.com,標準大床城景房,9820,"161, Nojak-ro, 華城, 京畿道, 南韓"
Shilla Stay Dongtan,東灘新羅舒泰酒店,Trip.com,標準雙床城景房,9820,"161, Nojak-ro, 華城, 京畿道, 南韓"
Shilla Stay Dongtan,東灘新羅舒泰酒店,Hotel.info,豪华双人间,10188,"161, Nojak-ro, 華城, 京畿道, 南韓"
Gold Family Condo,黃金家庭公寓,Booking.com,家庭房 - 不退款 - 免費WiFi,6721,"406, Giheungdanji-ro, 器興區, 龍仁, 京畿道, 南韓"
Gold Family Condo,黃金家庭公寓,Priceline.com,家庭房 - 不退款 - 免費WiFi,6721,"406, Giheungdanji-ro, 器興區, 龍仁, 京畿道, 南韓"
Hotel Bien,,Booking.com,標準雙人房 - 不退款 - 免費WiFi,1666,"47, Giheungdanji-ro, 器興區, 龍仁, 京畿道, 南韓"
Hotel Bien,,Priceline.com,標準雙人房 - 不退款 - 免費WiFi,1666,"47, Giheungdanji-ro, 器興區, 龍仁, 京畿道, 南韓"
Mazingga Motel,,Booking.com,小型雙床間 - 不退款 - 免費WiFi,916,"2 Nongseo-Ro Giheung-Gu, 器興區, 龍仁, 京畿道, 南韓"
Mazingga Motel,,Priceline.com,小型雙床間 - 不退款 - 免費WiFi,916,"2 Nongseo-Ro Giheung-Gu, 器興區, 龍仁, 京畿道, 南韓"
Mazingga Motel,,Booking.com,三人間- 帶私人浴室 - 不退款 - 免費WiFi,1249,"2 Nongseo-Ro Giheung-Gu, 器興區, 龍仁, 京畿道, 南韓"
Mazingga Motel,,Priceline.com,三人間- 帶私人浴室 - 不退款 - 免費WiFi,1249,"2 Nongseo-Ro Giheung-Gu, 器興區, 龍仁, 京畿道, 南韓"
Dongtan Pandora Hotel,,Hotels.com,標準客房,1346,"15, Dongtanjungsimsangga 2-gil, 華城, 京畿道, 南韓"
Dongtan Pandora Hotel,,Expedia.com.tw,標準客房,1346,"15, Dongtanjungsimsangga 2-gil, 華城, 京畿道, 南韓"
Dongtan Pandora Hotel,,Hotels.com,豪華客房,1615,"15, Dongtanjungsimsangga 2-gil, 華城, 京畿道, 南韓"
Dongtan Pandora Hotel,,Expedia.com.tw,豪華客房,1615,"15, Dongtanjungsimsangga 2-gil, 華城, 京畿道, 南韓"
Dongtan Pandora Hotel,,Hotels.com,套房,1885,"15, Dongtanjungsimsangga 2-gil, 華城, 京畿道, 南韓"
Dongtan Pandora Hotel,,Expedia.com.tw,套房,1885,"15, Dongtanjungsimsangga 2-gil, 華城, 京畿道, 南韓"
Hotel Ciel Hwaseong,華城西埃爾酒店,Hotels.com,"標準雙床房 (免費停車, 免費無線上網)",2498,"6-10F, 12, Dongtanjungsimsangga 2-gil ,, 華城, 京畿道, 南韓"
Hotel Ciel Hwaseong,華城西埃爾酒店,Booking.com,雙人房 - 免費WiFi,3055,"6-10F, 12, Dongtanjungsimsangga 2-gil ,, 華城, 京畿道, 南韓"
Hotel Ciel Hwaseong,華城西埃爾酒店,Hotels.com,"標準雙人房 (免費停車, 免費無線上網)",2498,"6-10F, 12, Dongtanjungsimsangga 2-gil ,, 華城, 京畿道, 南韓"
Hotel Ciel Hwaseong,華城西埃爾酒店,Expedia.com.tw,"標準雙床房 (免費停車, 免費無線上網)",2498,"6-10F, 12, Dongtanjungsimsangga 2-gil ,, 華城, 京畿道, 南韓"
Hotel Ciel Hwaseong,華城西埃爾酒店,Expedia.com.tw,"標準雙人房 (免費停車, 免費無線上網)",2498,"6-10F, 12, Dongtanjungsimsangga 2-gil ,, 華城, 京畿道, 南韓"
Hotel Ciel Hwaseong,華城西埃爾酒店,Hotels.com,"標準雙人房 (免費早餐, 免費無線上網)",2776,"6-10F, 12, Dongtanjungsimsangga 2-gil ,, 華城, 京畿道, 南韓"
Hotel Ciel Hwaseong,華城西埃爾酒店,Hotels.com,"標準雙床房 (免費早餐, 免費無線上網)",2915,"6-10F, 12, Dongtanjungsimsangga 2-gil ,, 華城, 京畿道, 南韓"
Hotel Ciel Hwaseong,華城西埃爾酒店,Expedia.com.tw,"標準雙人房 (免費早餐, 免費無線上網)",2776,"6-10F, 12, Dongtanjungsimsangga 2-gil ,, 華城, 京畿道, 南韓"
Hotel Ciel Hwaseong,華城西埃爾酒店,Expedia.com.tw,"標準雙床房 (免費早餐, 免費無線上網)",2915,"6-10F, 12, Dongtanjungsimsangga 2-gil ,, 華城, 京畿道, 南韓"
Hotel Ciel Hwaseong,華城西埃爾酒店,Hotels.com,"豪華雙人房 (免費停車, 免費無線上網)",3054,"6-10F, 12, Dongtanjungsimsangga 2-gil ,, 華城, 京畿道, 南韓"
Hotel Ciel Hwaseong,華城西埃爾酒店,Expedia.com.tw,"豪華雙人房 (免費停車, 免費無線上網)",3054,"6-10F, 12, Dongtanjungsimsangga 2-gil ,, 華城, 京畿道, 南韓"
Hotel Ciel Hwaseong,華城西埃爾酒店,Priceline.com,雙人房 - 免費WiFi,3055,"6-10F, 12, Dongtanjungsimsangga 2-gil ,, 華城, 京畿道, 南韓"
Hotel Ciel Hwaseong,華城西埃爾酒店,Booking.com,雙人房 - 免費WiFi,3471,"6-10F, 12, Dongtanjungsimsangga 2-gil ,, 華城, 京畿道, 南韓"
Hotel Ciel Hwaseong,華城西埃爾酒店,Hotels.com,"豪華雙人房 (免費早餐, 免費無線上網)",3331,"6-10F, 12, Dongtanjungsimsangga 2-gil ,, 華城, 京畿道, 南韓"
Hotel Ciel Hwaseong,華城西埃爾酒店,Expedia.com.tw,"豪華雙人房 (免費早餐, 免費無線上網)",3331,"6-10F, 12, Dongtanjungsimsangga 2-gil ,, 華城, 京畿道, 南韓"
Hotel Ciel Hwaseong,華城西埃爾酒店,Priceline.com,雙人房 - 免費WiFi,3471,"6-10F, 12, Dongtanjungsimsangga 2-gil ,, 華城, 京畿道, 南韓"
Hotel Ciel Hwaseong,華城西埃爾酒店,Booking.com,高級雙床間 - 免費WiFi,4166,"6-10F, 12, Dongtanjungsimsangga 2-gil ,, 華城, 京畿道, 南韓"
Hotel Ciel Hwaseong,華城西埃爾酒店,Hotels.com,"套房, 1 張標準雙人床 (免費早餐, 免費無線上網)",4164,"6-10F, 12, Dongtanjungsimsangga 2-gil ,, 華城, 京畿道, 南韓"
Hotel Ciel Hwaseong,華城西埃爾酒店,Expedia.com.tw,"套房, 1 張標準雙人床 (免費早餐, 免費無線上網)",4164,"6-10F, 12, Dongtanjungsimsangga 2-gil ,, 華城, 京畿道, 南韓"
Hotel Ciel Hwaseong,華城西埃爾酒店,Priceline.com,高級雙床間 - 免費WiFi,4166,"6-10F, 12, Dongtanjungsimsangga 2-gil ,, 華城, 京畿道, 南韓"
Hotel Ciel Hwaseong,華城西埃爾酒店,Booking.com,高級雙床間 - 免費WiFi,4582,"6-10F, 12, Dongtanjungsimsangga 2-gil ,, 華城, 京畿道, 南韓"
Hotel Ciel Hwaseong,華城西埃爾酒店,Priceline.com,高級雙床間 - 免費WiFi,4582,"6-10F, 12, Dongtanjungsimsangga 2-gil ,, 華城, 京畿道, 南韓"
Hotel Ciel Hwaseong,華城西埃爾酒店,Booking.com,豪華雙人房 - 免費WiFi,4999,"6-10F, 12, Dongtanjungsimsangga 2-gil ,, 華城, 京畿道, 南韓"
Hotel Ciel Hwaseong,華城西埃爾酒店,Priceline.com,豪華雙人房 - 免費WiFi,4999,"6-10F, 12, Dongtanjungsimsangga 2-gil ,, 華城, 京畿道, 南韓"
Hotel Ciel Hwaseong,華城西埃爾酒店,Booking.com,豪華雙人房 - 免費WiFi,5416,"6-10F, 12, Dongtanjungsimsangga 2-gil ,, 華城, 京畿道, 南韓"
Hotel Ciel Hwaseong,華城西埃爾酒店,Priceline.com,豪華雙人房 - 免費WiFi,5416,"6-10F, 12, Dongtanjungsimsangga 2-gil ,, 華城, 京畿道, 南韓"
Hotel Ciel Hwaseong,華城西埃爾酒店,Booking.com,大號床套房 - 免費WiFi,6666,"6-10F, 12, Dongtanjungsimsangga 2-gil ,, 華城, 京畿道, 南韓"
Hotel Ciel Hwaseong,華城西埃爾酒店,Priceline.com,大號床套房 - 免費WiFi,6666,"6-10F, 12, Dongtanjungsimsangga 2-gil ,, 華城, 京畿道, 南韓"
Hotel Ciel Hwaseong,華城西埃爾酒店,Booking.com,大號床套房 - 免費WiFi,7082,"6-10F, 12, Dongtanjungsimsangga 2-gil ,, 華城, 京畿道, 南韓"
Hotel Ciel Hwaseong,華城西埃爾酒店,Priceline.com,大號床套房 - 免費WiFi,7082,"6-10F, 12, Dongtanjungsimsangga 2-gil ,, 華城, 京畿道, 南韓"
